record_type,id,date,area,location_or_place,category_or_type,relevance,summary_or_address,caution_notes,status,source_url
POI,P01,,Sector V,Electronics Complex Police Station,Police / emergency,High,"DN-57, Salt Lake Bypass, DN Block",24h police station,,https://bidhannagarcitypolice.gov.in/police_station.php
POI,P02,,Sector V,Bidhannagar Women Police Station,Police / emergency,High,"DN-58, Sector V, near Techno India College, 215 Bus Stand",Women police station,,https://bidhannagarcitypolice.gov.in/police_station.php
POI,P03,,Sector II,Bidhannagar Cyber Crime Police Station,Police / emergency,Medium,"ED Block, Karunamoyee Housing Estate, 2nd floor Samata Cooperative Bank Building",Specialized police facility; not general patrol proxy,,https://bidhannagarcitypolice.gov.in/police_station.php
POI,P04,,Sector V,Salt Lake Sector V Metro Station,Transit,High,CM Block / College More / Wipro More area,Major pedestrian/transit anchor,Current Green Line station,https://mtp.indianrailways.gov.in/uploads/files/1681300012713-dm%20manual%20jan%202023.pdf
POI,P05,,Sector V,Nabadiganta Metro Station,Transit,High,"AP Block, Sector V",Transit anchor,Business-directory listing; verify exact operating status before scoring,https://www.google.com/maps/search/?api=1&query=Nabadiganta+Metro+Station+AP+Block+Sector+V+Kolkata
POI,P06,,Sector II / nearby,Karunamoyee Metro Station,Transit,High,Karunamoyee / Sector II-III side,Transit anchor,Green Line station,https://mtp.indianrailways.gov.in/uploads/files/1681300012713-dm%20manual%20jan%202023.pdf
POI,P07,,Sector II / nearby,Central Park Metro Station,Transit,High,Central Park / Sector II-III side,Transit anchor,Green Line station,https://mtp.indianrailways.gov.in/uploads/files/1681300012713-dm%20manual%20jan%202023.pdf
POI,P08,,Sector II / nearby,City Centre Metro Station,Transit,High,City Centre / Sector II vicinity,Transit and shopping anchor,Green Line station,https://mtp.indianrailways.gov.in/uploads/files/1681300012713-dm%20manual%20jan%202023.pdf
POI,P09,,Sector II,Apollo Diagnostics Salt Lake Bidhannagar,Medical,Medium,"AH-308, 1st Ave Road, AH Block, Sector II",Medical support point,Hours should be refreshed in app,https://www.google.com/maps/search/?api=1&query=Apollo+Diagnostics+Salt+Lake+Bidhannagar+AH-308+Sector+II+Kolkata
POI,P10,,Sector II,"Kalyani Public School, Salt Lake",Education / public activity,Medium,"CL-25&26, near CK Market, CL Block, Sector II",School/public activity anchor,Activity is time-of-day dependent,https://www.google.com/maps/search/?api=1&query=Kalyani+Public+School+Salt+Lake+CL-25+Sector+II+Kolkata
POI,P11,,Sector II,VIP Sweets,Retail / public activity,Medium,"DL-215, near Sector 5 metro / DL Block",Retail activity / food,Activity is time-of-day dependent,https://www.google.com/maps/search/?api=1&query=VIP+SWEETS+DL-215+Sector+II+Kolkata
POI,P12,,Sector II,Starlink Guest House,Residential / lodging,Low,"AL-241, Salt Lake Bypass, AL Block, Sector II",Nearby lodging / human presence proxy,Do not equate lodging with safety,https://www.google.com/maps/search/?api=1&query=Starlink+Guest+House+AL-241+Salt+Lake+Sector+II+Kolkata
POI,P13,,Sector II,Goroomgo Elite Stay Salt Lake Kolkata,Residential / lodging,Low,"AL-283, Chaulpatty Road, AL Block, Sector II",Nearby lodging / human presence proxy,Do not equate lodging with safety,https://www.google.com/maps/search/?api=1&query=Goroomgo+Elite+Stay+AL-283+Sector+II+Kolkata
POI,P14,,Sector V,Software Technology Parks of India,Commercial / public activity,Medium,"Plot 5/1, Salt Lake Bypass, DP Block, Sector V",Government/office anchor,Daytime activity is more relevant than late night,https://www.google.com/maps/search/?api=1&query=Software+Technology+Parks+of+India+Plot+5%2F1+DP+Block+Sector+V+Kolkata
POI,P15,,Sector V,Indian Coal Markets Conference,Commercial / public activity,Low,"Plot No. 5, DP Block, Sector V",Corporate/public activity anchor,Daytime activity is more relevant than late night,https://www.google.com/maps/search/?api=1&query=Indian+Coal+Markets+Conference+DP+Block+Sector+V+Kolkata
POI,P16,,Sector II / nearby,Anandalok Hospital,Medical,High,Salt Lake,Medical support point,Exact block should be refreshed from local map data,https://kolkatapolice.gov.in/wp-content/uploads/2024/04/Hospital_List.pdf
POI,P17,,Sector III / nearby,AMRI - Saltlake,Medical,Medium,"JC-16 & 17, Saltlake City, KB Block, Sector III",Nearby medical support,Included as nearby to target area,https://kolkatapolice.gov.in/wp-content/uploads/2024/04/Hospital_List.pdf
POI,P18,,Sector V,Wipro / Wipro More,Office / transport context,Medium,Near Salt Lake Sector V Metro Station,Large office + transit/activity anchor,Use only as activity context,https://www.google.com/maps/search/?api=1&query=Wipro+Salt+Lake+Sector+V+Kolkata
POI,P19,,Sector V,TCS Gitobitan,Office / transport context,Medium,Near Salt Lake Sector V Metro Station,Large office + activity anchor,Day/night activity differs,https://www.google.com/maps/search/?api=1&query=TCS+Gitobitan+Sector+V+Kolkata
INCIDENT,I01,2026-07-21,Sector V,RDB Mall parking lot,Alleged abduction,High,A 39-year-old man was allegedly abducted from the parking lot of RDB Mall in Sector V; mall security alerted police and the man was rescued within about two hours.,"Reported by Times of India; exact point is described as RDB Mall parking lot, not a precise street coordinate.",VERIFIED,https://timesofindia.indiatimes.com/city/kolkata/man-abducted-from-sec-v-mall-rescued-in-nadia/articleshow/132545785.cms
INCIDENT,I02,2025-06-01,Sector V vicinity,Near Infosys / ITC in Hatishala,Robbery,High,A woman was allegedly robbed after meeting a man near Technopolis; police said she was driven to a secluded area near Infosys and ITC in Hatishala.,Relevant as route-context warning; the described spot is in the Sector V vicinity rather than the core grid.,VERIFIED,https://timesofindia.indiatimes.com/city/kolkata/man-robs-woman-of-jewellery-cash/articleshow/121298059.cms
INCIDENT,I03,2025-04-05,Sector V,Webel crossing,Pedestrian fatality / road safety,High,A young IT employee was killed by a bus while crossing at Webel crossing in Sector V.,"This is a transport/pedestrian hazard record, not a crime record.",VERIFIED,https://timesofindia.indiatimes.com/city/kolkata/22-year-old-it-employee-dies-after-being-run-over-by-bus-in-kolkata/articleshow/120011178.cms
INCIDENT,I04,2025-04-22,Sector V,Near a Sector V pub,Assault / attempted vehicle hijack,Medium,Three people were arrested after an alleged attempt to hijack an app cab and assault the driver and a policeman after leaving a Sector V pub.,Useful for late-night activity context; exact road point not established in source.,VERIFIED,https://timesofindia.indiatimes.com/city/kolkata/drunk-techie-2-friends-held-for-assaulting-kolkata-cab-driver-policeman/amp_articleshow/120493996.cms
INCIDENT,I05,2025-07-22,Salt Lake / Sector II-side,"Karunamoyee Housing Estate, B Block",Chain snatching,High,An elderly woman was allegedly robbed of her gold chain while walking near Karunamoyee Housing Estate; police registered a case and reviewed CCTV.,"Exact location is within the Karunamoyee residential area, relevant to Sector II-side routes.",VERIFIED,https://timesofindia.indiatimes.com/city/kolkata/gold-chain-snatched-from-elderly-woman-in-salt-lake/articleshow/122843540.cms
INCIDENT,I06,2025-07-16,Karunamoyee / route from Sector V,Near Karunamoyee while returning to FD Block,Molestation,High,A woman returning home from her Sector V office was allegedly molested near Karunamoyee; CCTV aided the police investigation and an arrest followed.,Exact street point is not established; keep as area-context only.,VERIFIED,https://timesofindia.indiatimes.com/city/kolkata/techie-helps-cops-arrest-molester/articleshow/122665388.cms
INCIDENT,I07,2025-08-23,Sector II,BG Block,Chain snatching,High,"A 68-year-old woman was allegedly robbed of her gold chain during a morning walk in BG Block, Sector II.",Exact source describes the entrance/passage area but not a coordinate.,VERIFIED,https://timesofindia.indiatimes.com/city/kolkata/68-year-old-morning-walker-loses-gold-chain-to-snatcher-in-salt-lake/articleshow/123476595.cms
INCIDENT,I08,2024-02-24,Sector II,"BJ Block, BJ-301 area",Police raid / suspected prostitution racket,Medium,"Police reported arrests after a late-night raid on a guest-house operation in BJ Block, Sector II, following complaints about suspicious activity.","Context record, not a direct pedestrian-safety incident; keep separate from hazard scoring.",VERIFIED,https://www.saltlakebjblock.co.in/2024/05/police-bust-prostitution-ring-salt-lake-bj-301-sector2-bidhannagar.html
INCIDENT,I09,2023-03,Sector II,AL Block,Fraud / illegal call-centre operation,Low,"Police reported a fraudulent call centre operating from a rented bungalow in AL Block, Sector II.",Context only; not suitable as a route hazard penalty.,VERIFIED,https://timesofindia.indiatimes.com/city/kolkata/fake-call-centres-shift-to-flats-as-fraudsters-look-for-safety/articleshow/98439179.cms
INCIDENT,I10,2016-05-29,Sector V / Salt Lake,College More / Sector V and later roadside near Baishakhi More,Alleged gangrape,Historical serious crime,Police and media reported an alleged gangrape involving a woman who was in the Sector V nightlife area; the later roadside location was near Baishakhi More.,Historical record. Keep separate from current scoring unless your methodology explicitly uses long-term historical context.,VERIFIED,https://indianexpress.com/article/india/india-news-india/kolkata-gangrape-fourth-accused-on-the-run-arrested-2855709/lite/
INCIDENT,I11,2025-04-12,Karunamoyee / Sector V connection,Karunamoyee to Sector V corridor,Road closure / congestion,Medium,A protest caused police to shut the road between Karunamoyee and Sector V and created significant congestion.,"Operational route disruption, not crime; useful for route-condition layer.",VERIFIED,https://timesofindia.indiatimes.com/city/kolkata/for-second-day-in-a-row-rally-pain-hits-commuters-east-west-centre/amp_articleshow/120214997.cms
